MLA-C01 • DOMAIN 2,QUY TRÌNH THEO BƯỚC,Choose • Train • Customize • Evaluate,,,,,,,,,,,,
51 mục • 15 cột,Luồng ngắn: C • Chi tiết: E:H,Task 2.1–2.3 • Mới: 2.3,,,,,,,,,,,,
Keyword cần nhớ: cột B,Bẫy: J • Điều kiện: K,Analyze / Evaluate: +13 mục • mở rộng 3,,,,,,,,,,,,
Đối chiếu: 15/09/2026,Nguồn: N • Có ghi phạm vi,Đã tổng hợp bốn module D2 theo nguồn đã mở.,,,,,,,,,,,,
Key / Quy trình,Keyword nhận diện,Chuỗi bước cần nhớ,Tình huống / Mục tiêu,Bước 1,Bước 2,Bước 3,Bước 4 / Tùy chọn,Vì sao theo thứ tự này,Phương án nhiễu / Vì sao loại,Điều kiện / Biến thể / Đầu ra,Task,Phạm vi / Căn cứ,Nguồn tham khảo,Ngày đối chiếu
D2-P01 • Chọn approach từ yêu cầu nghiệp vụ,"• Predict / generate / ground / act
• Data + constraints
• Least effort that fits","1. Định nghĩa nhiệm vụ và ràng buộc
2. Kiểm tra dữ liệu / giải pháp có sẵn
3. Shortlist approach phù hợp
4. Thử nghiệm và chọn bằng evidence","Cần chọn giữa AWS AI service, traditional ML, pretrained model, FM hoặc agentic workflow trước khi đầu tư triển khai.","Define the outcome — cần class/number, nội dung sinh mới, câu trả lời có nguồn hay hành động qua API? Đặt quality, interpretability, latency, deadline, cost ceiling và staffing.","Assess feasibility — xem dữ liệu/nhãn, domain complexity và API/model có sẵn. Dịch vụ sẵn có đáp ứng task là candidate ưu tiên; nếu chưa fit, xác định chính xác phần cần custom.",Shortlist — traditional ML cho prediction phù hợp; FM cho generation; RAG khi thiếu private/current facts; pretrained adaptation khi có data và cần kiểm soát; agent khi cần tool/actions nhiều bước.,"Validate choice — chạy representative workload, so quality/cost/time và kiểm tra failure cases; ghi lý do chọn và tiêu chí phải đạt. Kết quả là phương án có căn cứ để bước sau triển khai.","Requirement → Feasibility → Candidate → Evidence. Lựa chọn compute/tuning đi sau hiểu rõ task, tránh tối ưu một phương án không giải đúng vấn đề.","Text/image không tự bắt buộc GenAI; labeled data không tự buộc scratch training. “Lớn nhất”, “mới nhất” hoặc “toàn quyền” không là tiêu chí đủ.","Một hệ thống có thể phối hợp classifier định tuyến với FM generation. Đây là quy trình quyết định, không phải mọi ứng dụng đều phải triển khai tất cả các nhánh.",2.1,Mở rộng từ bài học,"https://skillbuilder.aws/learn/SUCM8B51JS/aws-ml-engineer-associate--choose-modeling-approaches/3Q54Z7VAZ2
https://docs.aws.amazon.com/aws-certification/latest/machine-learning-engineer-associate-01/machine-learning-engineer-associate-01-domain2.html",14/09/2026
D2-P02 • Dịch giọng nói bằng các AI services,"• Speech → text → translated text → speech
• Compose specialized APIs","1. Transcribe audio
2. Translate văn bản
3. Polly tạo speech
4. Kiểm tra nội dung / độ trễ",Cần chuyển lời nói từ một ngôn ngữ sang lời nói ở ngôn ngữ khác mà không tự train cả pipeline.,"Transcribe — nhận audio theo API/language hỗ trợ, chuyển thành transcript; kiểm tra chất lượng bản ghi và thuật ngữ quan trọng.","Translate — chuyển transcript từ ngôn ngữ nguồn sang đích; giữ nội dung và thuật ngữ miền, xử lý đoạn/chunk theo flow hỗ trợ.",Polly — tạo audio từ bản dịch bằng voice/language/engine thích hợp; kiểm tra phát âm và nhịp điệu nếu cần.,"Validate end to end — nghe/đọc mẫu đại diện, đo latency và tổng phí ba bước; xử lý error/retry và không bỏ qua lỗi upstream.",Output của bước trước là input bước sau: audio→text→text đích→audio. Mỗi dịch vụ giải một chức năng khác nhau.,Polly không transcribe; Translate không tự làm speech-to-speech; Transcribe không tự dịch. Một lỗi transcript có thể lan sang bản dịch và giọng đọc.,"Cần cả ba dịch vụ hỗ trợ ngôn ngữ/format của flow. Realtime end-to-end cần thiết kế streaming/segmentation phù hợp, không suy chỉ nối ba API là luôn đạt latency.",2.1,Mở rộng từ bài học,https://skillbuilder.aws/learn/SUCM8B51JS/aws-ml-engineer-associate--choose-modeling-approaches/3Q54Z7VAZ2,14/09/2026
D2-P03 • Phân tích feedback scan đa ngôn ngữ,"• Extract → translate → analyze
• Textract / Translate / Comprehend","1. Textract lấy text / cấu trúc
2. Chuẩn hóa và dịch khi cần
3. Comprehend phân tích text
4. Đối soát kết quả",Feedback forms scan từ nhiều ngôn ngữ cần trích nội dung và phân tích cảm xúc/thực thể theo tình huống bài.,"Extract — dùng Textract lấy text, fields/tables đúng loại tài liệu; kiểm tra confidence và quan hệ cấu trúc trước mapping.","Prepare / translate — kiểm tra encoding, language và content; dùng Translate khi cần ngôn ngữ đích mà bước NLP hỗ trợ. Giữ bản gốc và mapping để truy vết.",Analyze — gọi Comprehend task phù hợp (sentiment/entities/key phrases); lưu scores cùng ID của tài liệu/đoạn nguồn.,"Validate — đối chiếu mẫu từ nguồn→bản dịch→NLP result; phát hiện lỗi extraction hoặc thay đổi nuance do translation, kiểm soát trường hợp không chắc.","Phải có text dùng được trước phân tích NLP. Dịch chỉ là bước khi requirement/language support đòi hỏi, không bắt buộc mọi workflow.",Comprehend không thay công cụ đọc structured scan; Textract không tự trả sentiment. Dịch có thể làm đổi nuance nên cần benchmark end-to-end.,Có thể phân tích trực tiếp ngôn ngữ nguồn nếu API hỗ trợ và quality đạt; không thêm translation chỉ để làm pipeline dài hơn.,2.1,Mở rộng từ bài học,https://skillbuilder.aws/learn/SUCM8B51JS/aws-ml-engineer-associate--choose-modeling-approaches/3Q54Z7VAZ2,14/09/2026
D2-P04 • Shortlist và chọn foundation model,"• Modality → quality → latency/cost
• Own eval dataset
• Verify capabilities","1. Lọc theo task và khả năng bắt buộc
2. So chất lượng trên dữ liệu thật
3. Đo latency và cost theo volume
4. Chọn candidate đạt yêu cầu",Có nhiều FM khác nhà cung cấp; cần chọn phù hợp nghiệp vụ và ngân sách thay vì chỉ dựa leaderboard.,"Filter — kiểm tra input/output modality, languages, context/output budget, Region, license và customization cần có. Loại candidate không đáp ứng tiêu chí bắt buộc.","Evaluate quality — dùng cùng representative dataset/rubric; chọn automatic, human hoặc judge evaluation thích hợp. Xem case khó và các nhóm quan trọng, không chỉ một điểm trung bình.","Measure operations — benchmark latency cùng typical/long prompts, output lengths và expected traffic; ước tính phí input/output, retrieval, caching hoặc tools khi có.","Select and record — chọn phương án đủ quality/latency với chi phí/công vận hành phù hợp; ghi model/version, prompt, assumptions và kết quả để tái kiểm tra khi workload/catalog thay đổi.",Khả năng đáp ứng đi trước so giá: model rẻ không đúng modality là không khả thi. Evidence trên task thật quan trọng hơn vị trí public benchmark.,Không mặc định largest model hay largest context luôn tối ưu. Smallest chỉ là candidate khi thực sự đạt quality và latency; price không luôn tăng đơn điệu theo size.,"Kết quả là lựa chọn model có giới hạn rõ. Module này bao gồm lựa chọn/evaluation hỗ trợ2.1, chưa thay toàn bộ quy trình phân tích model performance2.3.",2.1,Mở rộng từ bài học,"https://skillbuilder.aws/learn/SUCM8B51JS/aws-ml-engineer-associate--choose-modeling-approaches/3Q54Z7VAZ2
https://docs.aws.amazon.com/bedrock/latest/userguide/evaluation.html
https://docs.aws.amazon.com/bedrock/latest/userguide/models-supported.html",14/09/2026
D2-P05 • Base RAG cho tài liệu riêng thường đổi,"• Indexing path + query path
• Current context
• Source attribution","1. Chuẩn bị / index corpus
2. Embed query và retrieve
3. Đưa evidence vào prompt
4. Generate, cite và đánh giá","Base model diễn đạt tốt nhưng thiếu nội dung tài liệu nội bộ hoặc facts thay đổi, cần trả lời có căn cứ.","Prepare / index — từ data sources hợp lệ, parse/chunk, embed và lưu vectors/metadata trong backend phù hợp; sync cập nhật để nội dung retrieval không lỗi thời.","Retrieve — với base vector pattern, embed query trong không gian tương thích, tìm chunks liên quan và lọc quyền/metadata phù hợp.","Augment prompt — ghép câu hỏi với số đoạn liên quan đủ dùng, hướng model bám evidence và nêu thiếu thông tin khi nguồn không đủ; không biến retrieved instructions thành system policy.","Generate and evaluate — tạo câu trả lời với source references khi hỗ trợ; kiểm tra retrieval coverage, factual support, freshness, latency và total cost.",Có hai đường: ingestion/index trước query-time retrieval/generation. Cập nhật facts ở nguồn/index không cần cập nhật model weights trong RAG thuần.,Fine-tune mỗi lần policy đổi thường tốn công và khó truy nguồn. RAG không đảm bảo đúng nếu source/retrieval sai; store vector không tự là toàn bộ ứng dụng QA.,Knowledge Bases cung cấp nhiều mức quản lý hiện hành; chọn đúng loại/backend thay vì mặc định luôn tạo OpenSearch Serverless. Chuẩn bị corpus chi tiết liên hệ D1-P30/P38.,2.1,Mở rộng từ bài học,"https://skillbuilder.aws/learn/SUCM8B51JS/aws-ml-engineer-associate--choose-modeling-approaches/3Q54Z7VAZ2
https://docs.aws.amazon.com/bedrock/latest/userguide/knowledge-base.html",14/09/2026
D2-P06 • Hybrid retrieval khi có product codes,"• Semantic + lexical
• Exact term
• Merge then select","1. Nhận query có exact terms
2. Chạy semantic và keyword retrieval
3. Hợp nhất / lọc candidates
4. Tạo câu trả lời từ context tốt",Vector-only retrieval làm mất bài đúng khi người dùng hỏi mã XR-4400 hoặc identifiers tương tự.,"Identify the requirement — dùng eval queries có codes/names để xác minh semantic-only retrieval bỏ sót exact matches, không kết luận chỉ từ một lỗi generator.","Retrieve both signals — dùng hybrid search được backend hỗ trợ: semantic branch tìm ý nghĩa, keyword branch giữ terms/mã chính xác.","Merge / select — hợp nhất, loại bản sao và áp filter; có thể rerank nếu cần nhưng chỉ thêm khi evidence cho thấy có ích.","Generate / verify — gửi context đã chọn cho FM, kiểm tra retrieval và final answer trên cả exact-code lẫn paraphrase queries, đo thêm latency/cost.",Sửa đúng tầng retrieval khi tài liệu đúng chưa được tìm. Hai tín hiệu hỗ trợ nhau nên không phải thay generator để xử lý mọi lỗi.,Larger context không tự tìm được đúng passage; fine-tuning generator không thay keyword search. Không nhầm hybrid search với chỉ reranking tập vector candidates.,HYBRID hỗ trợ phụ thuộc backend/config (ví dụ filterable text field); cần kiểm tra integration hiện hành trước triển khai.,2.1,Mở rộng từ bài học,"https://skillbuilder.aws/learn/SUCM8B51JS/aws-ml-engineer-associate--choose-modeling-approaches/3Q54Z7VAZ2
https://docs.aws.amazon.com/en_en/bedrock/latest/userguide/kb-test-config.html",14/09/2026
D2-P07 • Rerank trước chọn context cho RAG,"• Retrieve wider pool
• Reorder relevance
• Final top passages","1. Lấy candidate passages
2. Reranker chấm query–passage
3. Chọn context trong token budget
4. Generate và đo tác động",Passage đúng có trong kết quả retrieval nhưng không lên nhóm đầu được đưa cho model.,Candidate retrieval — lấy pool đủ rộng từ vector/hybrid search theo permissions; lưu vị trí của relevant passages để xác định vấn đề nằm ở ranking.,"Rerank — dùng model chấm relevance giữa query và các passages, sắp thứ tự mới trước khi cắt context.","Select — chọn top passages đủ evidence và vừa context budget, tránh nhồi trùng lặp; giữ metadata/citations.",Evaluate — so chất lượng answers/retrieval ranking trước-sau và cost/latency bước rerank; chỉ giữ thay đổi nếu đạt lợi ích cần thiết.,Reranking phải sau retrieval và trước chọn context cuối. Candidate không lấy được thì reranker không thể đưa lên đầu.,Không dùng reranking để thay ingestion/sync nguồn thiếu. Tăng k quá lớn có thể thêm chi phí; không giả định mọi câu hỏi đều cần bước này.,Reranking là lựa chọn phù hợp cho ordering problem; hỗ trợ model/API/backend cần đối chiếu. RAG có thể không cần custom pipeline riêng để thêm rerank nếu managed khả năng đã đủ.,2.1,Mở rộng từ bài học,"https://skillbuilder.aws/learn/SUCM8B51JS/aws-ml-engineer-associate--choose-modeling-approaches/3Q54Z7VAZ2
https://docs.aws.amazon.com/bedrock/latest/userguide/knowledge-base.html",14/09/2026
D2-P08 • Truy xuất cho câu hỏi nhiều ý,"• Rewrite / decompose
• Retrieve iteratively
• Combine evidence","1. Làm rõ hoặc tách câu hỏi
2. Retrieve từng phần
3. Đánh giá đủ evidence và tổng hợp
4. Trả lời có nguồn / giới hạn",Câu hỏi cần nhiều tài liệu hoặc thông tin từ bước trước để quyết định nên tìm gì tiếp.,"Rewrite / plan — giữ ý định gốc, giải tham chiếu từ context hợp lệ hoặc chia thành subquestions rõ ràng; ghi lại giả định quan trọng.",Retrieve — tìm evidence cho từng phần bằng cách phù hợp; agentic pattern có thể chọn query kế tiếp theo kết quả trước đó.,"Check sufficiency — xác định thiếu/mâu thuẫn, chỉ tìm thêm khi cần, hợp nhất passages không trùng và giữ nguồn của mỗi ý.","Answer — tổng hợp dựa evidence trong token budget; nếu chưa đủ thì nêu giới hạn hoặc cần làm rõ. Đo quality, call count, latency/cost và giới hạn số bước.","Task decomposition và retrieval dependencies giải vấn đề single-search không đủ, không chỉ tăng context vô hạn.",Query rewrite có thể đổi ý; nhiều bước không đảm bảo tốt hơn. Không để quá trình tìm kiếm tiếp diễn không có stopping condition.,Có thể dùng managed agentic retrieval hoặc custom orchestration theo khả năng hiện hành; không mặc định mọi câu hỏi đơn giản đều cần agent.,2.1,Mở rộng từ bài học,"https://skillbuilder.aws/learn/SUCM8B51JS/aws-ml-engineer-associate--choose-modeling-approaches/3Q54Z7VAZ2
https://docs.aws.amazon.com/bedrock/latest/userguide/knowledge-base.html",14/09/2026
D2-P09 • Chọn phương pháp trên customization spectrum,"• Facts vs behavior vs domain
• Weight change
• PEFT / full are parameter choices
• TEACHER → STUDENT WHEN SERVING IS TOO COSTLY","1. Xác định phần model còn thiếu
2. Thử phương pháp nhẹ phù hợp
3. Chọn mục tiêu và phạm vi tuning nếu cần
4. Kiểm tra nền tảng rồi đánh giá","Model cơ bản khá tốt nhưng cần thay đổi facts, format/style hoặc năng lực miền; phải chọn chiến lược không tốn quá mức.
Module Customize bổ sung distillation khi teacher đáp ứng quality nhưng inference quá chậm/đắt.","Diagnose — thiếu instructions rõ, thiếu current/private facts, thiếu consistent behavior hay thiếu domain patterns? Dùng examples/failure cases để xác định, không chỉ gắn nhãn “model kém”.",Try lightweight fit — prompt/examples cho task instruction; RAG cho thông tin riêng/cập nhật. Hai cách không đổi weights và có thể kết hợp.,"If training is justified — instruction tuning dùng labeled prompt-response; CPT dùng corpus miền không nhãn. PEFT/LoRA và full tuning là lựa chọn tham số cập nhật, có thể áp cho mục tiêu thích hợp; thử nhẹ hơn trước khi full nếu khả thi.
Nếu bottleneck là serving size/cost của teacher, cân nhắc distillation sang student thay vì tăng tiếp CPT.","Verify and evaluate — chọn Bedrock model/method đang hỗ trợ hoặc SageMaker khi cần kiểm soát rộng; bảo đảm data đúng, budget, eval set độc lập và cả serving cost của model sau adaptation.",Chẩn đoán gap đi trước chọn công cụ. Instruction vs CPT là mục tiêu/dataset; PEFT vs full là phạm vi parameter update nên không được trộn thành các nhánh loại trừ nhau.,Không fine-tune mỗi khi policy đổi nếu mục tiêu là facts mới; không dùng CPT thay SFT để học format chuẩn; PEFT không loại nhu cầu data QA hoặc base model khi inference.,"Mục lựa chọn giữ Task 2.1; module Customize bổ sung thực thi Task 2.2 tại D2-P29 và D2-P33…P38. Spectrum là bản đồ lựa chọn, không phải bắt buộc chạy toàn bộ phương pháp theo thứ tự. Chuẩn bị training data liên hệ D1.",2.1,Mở rộng từ bài học,"https://skillbuilder.aws/learn/SUCM8B51JS/aws-ml-engineer-associate--choose-modeling-approaches/3Q54Z7VAZ2
https://docs.aws.amazon.com/bedrock/latest/userguide/custom-model-fine-tuning.html
https://huggingface.co/docs/peft/package_reference/lora
https://skillbuilder.aws/learn/2QQTWU7W75/aws-ml-engineer-associate--customize-and-fine-tune-models/GCXKCRD7RD
https://docs.aws.amazon.com/bedrock/latest/userguide/model-distillation.html",15/09/2026
D2-P10 • Giảm cost/latency của chat có prompt lặp,"• Shared prefix caching
• Trim context
• Preserve quality","1. Đo token và latency baseline
2. Cache phần chung được hỗ trợ
3. Cắt context/output thừa
4. Đo lại chất lượng và chi phí","Chat assistant volume lớn gửi system prompt dài lặp lại; model hiện tại đã đạt quality, cần phản hồi nhanh hơn và giảm phí.","Baseline — ghi input/output token lengths, latency và quality trên queries đại diện; xác định prefix thật sự lặp, không phải nội dung thay đổi mỗi user.","Cache eligible prefix — giữ static instructions/context trước dynamic query, cấu hình implicit/explicit theo model/API; kiểm tra cache-read/write/hit fields và TTL.","Trim safely — bỏ instructions dư, chỉ giữ retrieved passages cần thiết và đặt output budget theo task; không xóa evidence quan trọng chỉ để giảm token.","Re-evaluate — so quality/failure cases, end-to-end latency và net cost gồm cache writes/misses; giữ cấu hình đạt cùng tiêu chí chất lượng.",Giảm xử lý lặp và token dư tác động mỗi request trong khi không đổi nhiệm vụ/model nếu chưa cần. Phải đo cache hit thực mới biết có lợi.,Chuyển interactive chatbot sang batch phá requirement. Prompt caching không lưu đáp án để mọi câu hỏi nhận cùng response; không được bảo đảm hit.,"Docs hỗ trợ cache tùy model/API và không áp với batch inference API. Fine-tuning để rút prompt là một lựa chọn nặng hơn, chỉ cân nhắc khi evidence/budget phù hợp.",2.1,Mở rộng từ bài học,"https://skillbuilder.aws/learn/SUCM8B51JS/aws-ml-engineer-associate--choose-modeling-approaches/3Q54Z7VAZ2
https://docs.aws.amazon.com/bedrock/latest/userguide/prompt-caching.html",14/09/2026
D2-P11 • Chọn inference mode theo workload,"• Interactive vs async
• Variable vs steady
• Supported mode / break-even","1. Xác định deadline phản hồi
2. Ước lượng volume và hình dạng traffic
3. So mode được model hỗ trợ
4. Tính tổng cost và đo latency","Cần quyết định giữa on-demand realtime, batch bất đồng bộ hoặc provisioned capacity.",Classify latency — user chờ trực tiếp cần mode tương tác; backlog qua đêm có thể batch. Kiểm tra có tool calls/multi-turn hay records độc lập.,"Forecast demand — đo volume, input/output sizes, burstiness và utilization dự kiến; không dùng số request trung bình để bỏ qua peak demand.",Compare supported modes — on-demand cho biến động/ít dùng; provisioned khi capacity yêu cầu và utilization/budget hợp; batch cho non-interactive records được hỗ trợ.,"Validate economics — tính token/giờ/capacity và overhead phù hợp mỗi mode, thử latency/throttling ở workload thật; ghi lựa chọn và các giới hạn model/Region.","Latency requirement loại các mode không đáp ứng trước khi so giá. Provisioned value phụ thuộc mức dùng thực tế, không chỉ traffic lớn nói chung.",Không kết hợp Bedrock batch với provisioned models vì API batch hiện không hỗ trợ. Không giả định cache/batch discounts áp đồng thời; không chọn mode chỉ bằng một đơn giá.,Đây là lựa chọn modeling economics trong module; triển khai endpoint/autoscaling đầy đủ thuộc phần deployment sau. Giá và hỗ trợ phải tra lúc triển khai.,2.1,Mở rộng từ bài học,"https://skillbuilder.aws/learn/SUCM8B51JS/aws-ml-engineer-associate--choose-modeling-approaches/3Q54Z7VAZ2
https://docs.aws.amazon.com/bedrock/latest/userguide/batch-inference.html
https://docs.aws.amazon.com/bedrock/latest/userguide/prov-throughput.html
https://docs.aws.amazon.com/bedrock/latest/userguide/prompt-caching.html",14/09/2026
D2-P12 • Chọn compute và Spot cho training,"• Quality / deadline / cost ceiling
• CPU / GPU
• Checkpoint before Spot","1. Chốt mục tiêu và đo bottleneck
2. Chọn model/data/instance phù hợp
3. Đánh giá Spot hoặc phân tán
4. So runtime và total job cost",Cần train/retrain trong budget và deadline; nhiều đòn bẩy tác động chi phí và thời gian khác nhau.,"Define and measure — đặt quality target, deadline và cost ceiling; đo CPU/GPU/memory/I/O để biết job bị giới hạn ở đâu.","Right-size — thử baseline đơn giản, dữ liệu đủ đại diện và compute đúng nhu cầu; so CPU/GPU theo total runtime×cost, không chỉ đơn giá/giờ.",Choose acceleration or savings — deadline gấp có thể thử distributed/GPU; budget ưu tiên và lịch linh hoạt có thể Spot khi checkpoint/resume hoạt động. Cấu hình wait/runtime theo yêu cầu.,"Evaluate — so quality giữ riêng, wall-clock time, cost và recovery; dừng/release job resources khi xong theo nền tảng, không suy endpoint autoscaling là tự scale training job.",Phải biết bottleneck và fault tolerance trước khi tăng hardware hoặc chuyển Spot. Giá giảm không có ích nếu bỏ lỡ deadline hoặc mất tiến độ không khôi phục.,Largest GPU cluster không tự nhanh/rẻ nhất. Spot không đảm bảo capacity; distributed speedup không tuyến tính. Data lớn hơn hoặc model phức tạp hơn không luôn cải thiện đủ bù cost.,"Pipeline bao gồm lựa chọn2.1 và điều kiện training2.2; chi tiết implementation sẽ bổ sung ở module train. Checkpoint là state để resume, khác final artifact.",2.2,Mở rộng từ bài học,"https://skillbuilder.aws/learn/SUCM8B51JS/aws-ml-engineer-associate--choose-modeling-approaches/3Q54Z7VAZ2
https://docs.aws.amazon.com/sagemaker/latest/dg/model-managed-spot-training.html",14/09/2026
D2-P13 • Walkthrough: fine-tune pretrained image model,"• Labeled images
• Transfer learning
• Control over training / evaluation","1. Xác định task và mức kiểm soát
2. So managed vision với pretrained approach
3. Adapt model trên labeled data
4. Đánh giá trước khi chốt giải pháp",Bài có 50.000 ảnh dermatology đã gán nhãn benign/malignant và cần custom deep-learning control.,"Frame requirements — task là image classification, có labeled data và cần kiểm soát architecture/training/evaluation. Xác định dữ liệu/nhãn và tiêu chí đánh giá đáng tin.","Compare candidates — xem pretrained Rekognition/Custom Labels có fit không; nếu cần kiểm soát sâu hơn, chọn pretrained image model/backbone trong SageMaker, không mặc định scratch training.","Transfer learning — chuẩn bị preprocessing tương thích, target head/labels và fine-tune phù hợp data. Giữ holdout độc lập và tránh cùng thực thể/ảnh liên quan rơi sang tập khác.","Validate — đo kết quả theo class và cases quan trọng, so baseline/candidate và tổng effort/cost; chỉ đưa sang bước triển khai khi đạt các yêu cầu đã đặt.",Có pretrained representations và labeled target data nên tận dụng transfer learning trước khi tự train toàn bộ từ đầu. Quyền kiểm soát là phần quyết định trong scenario.,50.000 không là ngưỡng đảm bảo đủ hay lựa chọn luôn đúng. Không khẳng định Custom Labels không hỗ trợ custom/medical images; bài chọn SageMaker theo nhu cầu kiểm soát.,"Tình huống học tập về model selection, không xác nhận model đã phù hợp ứng dụng thực tế. Phân tích/evaluation chi tiết thuộc2.3 sau khi có kết quả.",2.1,Mở rộng từ bài học,"https://skillbuilder.aws/learn/SUCM8B51JS/aws-ml-engineer-associate--choose-modeling-approaches/3Q54Z7VAZ2
https://skillbuilder.aws/cds/CONTENT_PR341MXB8A_001.000.000/assets/transcripts/B3UJH1XYGG.txt
https://docs.aws.amazon.com/rekognition/latest/customlabels-dg/what-is.html
https://docs.aws.amazon.com/sagemaker/latest/dg/studio-jumpstart.html",14/09/2026
D2-P14 • Walkthrough: agent xử lý lịch hẹn qua API,"• Understand → check → act → confirm
• Real tool results
• Business rules","1. Hiểu yêu cầu và lấy thông tin cần thiết
2. Gọi API kiểm tra lịch
3. Thực thi thao tác được phép
4. Xác nhận bằng kết quả backend","Cần đặt/đổi/hủy lịch, giữ context nhiều lượt và phối hợp scheduling APIs theo tình huống cuối bài.","Understand — xác định intent/thông tin thiếu và quy tắc ứng dụng; agent có instructions cùng tools được định nghĩa rõ, không tự tưởng tượng API hoặc dữ liệu availability.",Check — gọi công cụ đọc lịch/điều kiện với tham số đã validate và quyền phù hợp; dùng kết quả live để đề xuất phương án hoặc làm rõ.,"Act — sau các điều kiện/xác nhận nghiệp vụ cần thiết, gọi API tạo/đổi/hủy lịch; backend kiểm tra quyền, conflicts và chống thực thi trùng theo thiết kế.","Confirm — chỉ báo thành công dựa kết quả backend, giữ ID/trạng thái thật và xử lý lỗi; ghi trace phục vụ review chất lượng workflow.",RAG trả thông tin không tự thực hiện giao dịch. Hành động phụ thuộc trạng thái thật nên tool calls và kết quả phải nằm trong vòng lặp.,Không coi model sinh câu “đã đặt” là booking thật. Business rules trong prompt không thay validation/permissions ở backend. Policy documents trong KB không tự là system instructions đáng tin.,"AgentCore hỗ trợ nền tảng agent; chọn framework/thành phần phù hợp. Luồng intent cố định đơn giản có thể dùng Lex, không mặc định mọi lịch hẹn cần agentic planning.",2.1,Mở rộng từ bài học,"https://skillbuilder.aws/learn/SUCM8B51JS/aws-ml-engineer-associate--choose-modeling-approaches/3Q54Z7VAZ2
https://skillbuilder.aws/cds/CONTENT_PR341MXB8A_001.000.000/assets/transcripts/B3UJH1XYGG.txt
https://docs.aws.amazon.com/bedrock-agentcore/latest/devguide/what-is-bedrock-agentcore.html",14/09/2026
D2-P15 • Vòng lặp training và cập nhật weights,"• FORWARD → LOSS → BACKWARD → UPDATE
• MINI-BATCH
• EPOCH","1. Dự đoán từ batch
2. Tính loss
3. Tính gradient và update weights
4. Lặp, theo dõi validation và lưu model",Train mô hình dự đoán giá hoặc neural network; cần xếp đúng chuỗi thao tác học.,"Đọc mini-batch train, đưa qua model với weights hiện tại để tạo prediction; chuẩn bị target và dạng dữ liệu phù hợp.","Tính loss giữa prediction và target bằng hàm phù hợp task; nếu có regularization, dùng objective đã cấu hình.",Tính gradient bằng backprop/autograd khi áp dụng; optimizer update theo learning rate; quản lý reset/accumulation gradient đúng loop.,"Lặp các batches/epochs; đánh giá validation riêng, áp dụng stopping criterion và lưu weights/artifact cần thiết.","Phải có prediction trước khi đo loss, có gradient trước update; validation giúp chọn run/epoch thay vì cập nhật bằng test set.",Confusion matrix không thay optimizer. HPO chọn configuration bên ngoài loop; nó không trực tiếp tính từng weight update. Không phải mọi algorithm như cây đều có loop gradient này.,"N=1.000, B=100, E=5 → 50 updates nếu mỗi batch một update, không accumulation/drop_last ảnh hưởng. Đầu ra là parameters đã học và metrics.",2.2,Mở rộng từ bài học,"https://skillbuilder.aws/learn/2A2SRWD97S/aws-ml-engineer-associate--train-models/PN3Z4R1QTJ
https://docs.aws.amazon.com/sagemaker/latest/dg/distributed-training.html",15/09/2026
D2-P16 • Train bằng built-in algorithm,"• BUILT-IN FITS TASK
• DATA + HYPERPARAMETERS + COMPUTE
• S3 ARTIFACT","1. Chọn algorithm và chuẩn bị input
2. Cấu hình training job
3. Submit và theo dõi
4. Kiểm tra artifact và validation",Cần train churn model dữ liệu bảng với ít công tự viết thuật toán/container.,"Xác minh built-in như XGBoost phù hợp task, labels, format và input mode; chuẩn bị train/validation không leakage.","Cấu hình algorithm image/version, channels, hyperparameters, execution role, instances và S3 output; kiểm tra compatibility/quyền cần thiết.","Submit bằng SDK/API/console; SageMaker lấy image, cung cấp compute và chạy training. Theo dõi status/logs/metrics, xử lý lỗi input thay vì đoán job đã xong.","Sau khi job thành công, xác nhận model artifact S3, lưu metadata và kiểm tra chất lượng validation trước bước deployment sau này.","Algorithm/input/config phải có trước launch; artifact là kết quả của training, không phải đầu vào đã được train sẵn mặc định.",BYOC tốn công hơn nếu built-in đủ yêu cầu. Gọi train không tự tạo endpoint. Instance giá/giờ thấp nhất không bảo đảm tổng cost thấp nhất.,Built-in không miễn chuẩn bị dữ liệu và tuning. Chọn theo requirement + evidence; output artifact và evaluation metrics phải được giữ lại khi compute kết thúc.,2.2,Mở rộng từ bài học,"https://skillbuilder.aws/learn/2A2SRWD97S/aws-ml-engineer-associate--train-models/PN3Z4R1QTJ
https://docs.aws.amazon.com/sagemaker/latest/dg/your-algorithms-training-algo-running-container.html
https://docs.aws.amazon.com/sagemaker/latest/dg/automatic-model-tuning-ex-tuning-job.html",15/09/2026
D2-P17 • Script mode với PyTorch/TensorFlow,"• CUSTOM SCRIPT
• ENTRY POINT
• FRAMEWORK CONTAINER
• FIT","1. Viết và thử training script
2. Cấu hình framework + entry point
3. Launch managed training
4. Lưu artifact và đối chiếu metrics",Custom architecture không có built-in; team vẫn muốn môi trường huấn luyện quản lý.,Viết Python script với model/loss/optimizer/data loading và save output theo hợp đồng framework/container; thử nhỏ để kiểm tra đọc input và ghi model.,"Chọn supported framework/image version; cấu hình entry_point, hyperparameters, channels, execution role, instance type/count và output S3 trong SDK phù hợp.","Theo bài, tạo estimator rồi gọi fit để submit; SageMaker lấy image ECR, nạp code, cấp compute và chạy job. API launch chi tiết phụ thuộc phiên bản SDK.","Kiểm tra completion, logs và validation; xác nhận artifact S3. Lưu code/data/image/config để so sánh hoặc lặp lại run.","Script định nghĩa logic; framework container cung cấp runtime; job thực thi và tạo trained artifact. Trật tự tách rõ code, environment, execution và output.",AMT không tự sinh kiến trúc custom cho bạn. Không cần build Docker từ đầu chỉ vì script riêng; BYOC chỉ khi image sẵn không đáp ứng.,Kiểm tra dependencies và hardware support; “SageMaker quản lý container” không có nghĩa mọi package tùy ý đều sẵn. Deployment là bước sau khi đã kiểm tra chất lượng.,2.2,Mở rộng từ bài học,"https://skillbuilder.aws/learn/2A2SRWD97S/aws-ml-engineer-associate--train-models/PN3Z4R1QTJ
https://docs.aws.amazon.com/sagemaker/latest/dg/frameworks.html
https://docs.aws.amazon.com/sagemaker/latest/dg/your-algorithms-training-algo-running-container.html",15/09/2026
D2-P18 • BYOC khi runtime đặc biệt,"• BUILD IMAGE
• PUSH ECR
• TRAINING CONTRACT
• OUTPUT S3","1. Đóng gói runtime và code
2. Push image lên ECR
3. Cấu hình và chạy training job
4. Kiểm tra model artifact",Cần dependency/framework/runtime không đáp ứng được bằng pre-built container.,Xây Docker image với code/dependencies và entry point tương thích cơ chế training của SageMaker; kiểm tra đọc input/hyperparameters và ghi output.,Push image lên ECR; giữ image/version hoặc digest có thể truy lại. Kiểm tra execution role được pull image và truy cập dữ liệu/output cần thiết.,"Tham chiếu image URI trong training job cùng data channels, hyperparameters, compute và S3 output; chạy thử nhỏ rồi mở rộng theo nhu cầu.","Đọc logs, xác nhận job thành công và artifact đã lưu đúng. Ghi lại environment để tái lập và duy trì image khi dependencies thay đổi.",SageMaker cần image tồn tại/truy cập được trước khi launch. Image là môi trường chạy; artifact chỉ xuất hiện sau code train thành công.,Không đặt trained artifact vào ECR rồi coi đó là container. Tự chọn EC2 thủ công không phải điều kiện bắt buộc để dùng custom Docker với managed training.,Đây là luồng mở rộng từ ba lựa chọn của bài; có nhiều trách nhiệm hơn script mode. Không ghi token/secrets vào image; dùng cơ chế quyền được cấu hình cho job.,2.2,Mở rộng từ bài học,"https://skillbuilder.aws/learn/2A2SRWD97S/aws-ml-engineer-associate--train-models/PN3Z4R1QTJ
https://docs.aws.amazon.com/sagemaker/latest/dg/your-algorithms-training-algo-running-container.html
https://docs.aws.amazon.com/sagemaker/latest/dg/automatic-model-tuning-ex-tuning-job.html",15/09/2026
D2-P19 • Chọn training input mode,"• FILE: DOWNLOAD
• PIPE: FIFO
• FASTFILE: FILE INTERFACE STREAM","1. Xác định source/access pattern
2. Chọn mode tương thích
3. Cấu hình channel và loader
4. Đo startup/throughput","Dataset lớn khiến training chờ đọc dữ liệu, hoặc cần giữ code đọc file khi chuyển sang streaming.","Xác định data ở S3 hay file system; kích thước, số lượng files, sequential/random access và mode algorithm hỗ trợ.","S3 File: tải trước, đủ disk; Pipe: stream FIFO và loader tương thích; FastFile: stream theo yêu cầu qua file interface. EFS/FSx: mount file-system input theo cấu hình riêng.","Cấu hình source, channel, content type, input mode; FastFile dùng S3Prefix/read-only. EFS/FSx cần quyền/networking phù hợp và dataset cùng Region.","Chạy thử để đo thời gian khởi động, data throughput, mức GPU chờ và tổng runtime; xác nhận loader đọc đúng đủ dữ liệu qua các epoch.","Chọn theo access pattern và support trước, rồi mới kỳ vọng streaming giảm wait. Data mode không tự sửa code/schema hoặc tạo split.",Pipe không là file seekable bình thường. FastFile không yêu cầu tải toàn dataset trước. File input từ EFS/FSx không đồng nghĩa copy toàn bộ S3 xuống volume.,FastFile thường tốt với sequential read và ít file hơn; random access có hỗ trợ nhưng không hứa cùng tốc độ local. Giữ phần tối ưu storage tổng quát trong D1; đây là ngữ cảnh training D2.,2.2,Mở rộng từ bài học,"https://skillbuilder.aws/learn/2A2SRWD97S/aws-ml-engineer-associate--train-models/PN3Z4R1QTJ
https://docs.aws.amazon.com/sagemaker/latest/dg/model-access-training-data.html
https://docs.aws.amazon.com/sagemaker/latest/dg/your-algorithms-training-algo-running-container.html",15/09/2026
D2-P20 • Chọn data/model/hybrid parallelism,"• MODEL FITS → DATA PARALLEL
• MODEL TOO LARGE → PARTITION
• BOTH → HYBRID","1. Xác định giới hạn memory/throughput
2. Chọn kiểu parallelism
3. Cấu hình workers/data/sync
4. Benchmark quality–time–cost",Cần giảm training time hoặc model không vừa một GPU.,"Đo memory cần cho model, gradients, optimizer state và batch; xác định model replica có vừa device không, hay bottleneck chủ yếu là xử lý nhiều data.",Model vừa device và dữ liệu nhiều → data parallel. Model/state không vừa → partition/sharding phù hợp. Cả hai rất lớn → kết hợp model và data parallel.,"Chọn framework/library/launcher, instances và communication; shard data đúng, đồng bộ gradients; tính global batch và retune learning rate khi cần.","Đo runtime, utilization, communication overhead và validation; so với baseline ít thiết bị hơn để xác nhận lợi ích và lưu cấu hình.","Cách chia công việc phải khớp constraint. DDP replication không giải quyết model quá lớn, còn partitioning không tự làm data loader nhanh hơn.","HPO max_parallel_jobs chạy trials khác nhau, không phải phân tán một trial. Model song song không phải ensemble. Tăng số GPU không bảo đảm speedup tuyến tính.",Mô hình đơn giản của đề chọn model parallel khi model không vừa GPU; triển khai thực tế còn có sharded data parallel và kỹ thuật giảm memory. Chọn theo support phiên bản.,2.2,Mở rộng từ bài học,"https://skillbuilder.aws/learn/2A2SRWD97S/aws-ml-engineer-associate--train-models/PN3Z4R1QTJ
https://docs.aws.amazon.com/sagemaker/latest/dg/distributed-training.html
https://docs.aws.amazon.com/sagemaker/latest/dg/distributed-training-get-started.html",15/09/2026
D2-P21 • Tạo và đánh giá AMT tuning job,"• SEARCH SPACE
• OBJECTIVE DIRECTION
• STRATEGY
• RESOURCE LIMITS","1. Chuẩn bị baseline/metric
2. Định nghĩa ranges và strategy
3. Chạy trials với budget
4. Chọn và kiểm chứng best trial",Đã có model baseline và muốn tìm configuration tốt bằng SageMaker AMT.,"Chốt train/validation, algorithm/script và objective scalar. Built-in có metrics; custom code emit metric và cấu hình name/regex; đặt Minimize/Maximize đúng.",Chọn hyperparameters/ranges/scales hợp lý; quyết định Grid/Random/Bayesian/Hyperband theo search space và khả năng báo progress.,"Đặt total jobs, concurrent jobs, runtime và stopping strategy phù hợp; launch tuning, theo dõi metric collection và tài nguyên.","Lấy best trial theo objective, kiểm chứng chất lượng/budget và lưu config/artifact; đánh giá test sau khi chốt để tránh tối ưu test.",Tuning chỉ biết mục tiêu/ranges bạn cung cấp. Metric phải được trích đúng thì xếp hạng trials mới có ý nghĩa.,Tuning không sửa dataset lỗi hoặc tự bảo đảm generalization. Chọn Maximize cho RMSE sẽ đảo ngược ý nghĩa. Nhiều trials hơn không chữa search space sai.,HPO budget là tổng các jobs; mỗi job còn có instance count riêng. Không tuyên bố toàn bộ Domain 2 đã hoàn tất vì mới đọc các module choose/train.,2.2,Mở rộng từ bài học,"https://skillbuilder.aws/learn/2A2SRWD97S/aws-ml-engineer-associate--train-models/PN3Z4R1QTJ
https://docs.aws.amazon.com/sagemaker/latest/dg/automatic-model-tuning-define-metrics-variables.html
https://docs.aws.amazon.com/sagemaker/latest/dg/automatic-model-tuning-ex-tuning-job.html
https://docs.aws.amazon.com/sagemaker/latest/dg/automatic-model-tuning-how-it-works.html",15/09/2026
D2-P22 • Quyết định search strategy,"• SMALL GRID
• INDEPENDENT RANDOM
• HISTORY-AWARE BAYESIAN
• ADAPTIVE HYPERBAND","1. Xem search space và cost/trial
2. Kiểm tra intermediate metrics
3. Chọn strategy theo constraint
4. Đo kết quả trong cùng budget",Chọn giữa bốn thuật toán tuning thay vì nhớ tên rời rạc.,Ước lượng số combinations nếu liệt kê choices; xác định mỗi trial tốn bao nhiêu thời gian/compute và mức parallelism cần thiết.,Kiểm tra model có iterative progress đáng tin theo epoch/resource để dùng phương pháp phân bổ budget sớm hay không.,Lưới nhỏ cần exhaustive → Grid; trials độc lập/parallel nhiều → Random; tận dụng lịch sử cho trial đắt → Bayesian; phân bổ epoch thích nghi theo intermediate → Hyperband.,"Giữ objective và dữ liệu đánh giá nhất quán, so chất lượng đạt được theo budget/wall time; lưu strategy và random seed nếu cần.","Strategy phụ thuộc search space, cấu trúc feedback và constraints; không có một lựa chọn thắng mọi workload.",Bayesian không bị cấm chạy song song; chỉ có tradeoff tận dụng feedback. Hyperband không chỉ là Random chạy đến đủ epochs cho mọi trial. Grid AMT chỉ categorical.,Các keyword là quy tắc nhận diện có điều kiện. Không hứa tìm global optimum; ranges và chất lượng metric quyết định nhiều đến kết quả.,2.2,Mở rộng từ bài học,"https://skillbuilder.aws/learn/2A2SRWD97S/aws-ml-engineer-associate--train-models/PN3Z4R1QTJ
https://docs.aws.amazon.com/sagemaker/latest/dg/automatic-model-tuning-how-it-works.html
https://docs.aws.amazon.com/sagemaker/latest/dg/automatic-model-tuning-considerations.html",15/09/2026
D2-P23 • Early stopping trong run và AMT,"• VALIDATION PLATEAU VS HISTORICAL MEDIAN
• PER-EPOCH METRICS
• SAVE BEST","1. Chọn cơ chế dừng
2. Cấu hình metric và tiêu chí
3. Đánh giá sau epoch
4. Dừng và giữ kết quả cần thiết",Muốn giảm epochs hoặc trials không còn đem lại chất lượng hữu ích.,Phân biệt dừng một model khi validation plateau với AMT cắt trial kém so lịch sử; Hyperband có cơ chế riêng.,"Trong run: monitor/mode, patience/min_delta và best-checkpoint policy. AMT thông thường: bật AUTO và bảo đảm objective metric được phát theo epoch.","Trong run so cải thiện theo tiêu chí; AMT so objective hiện tại với median các running averages của trials trước đến cùng epoch, theo đúng min/max.",Dừng khi đạt điều kiện; lưu hoặc restore weights tốt nhất khi có cấu hình phù hợp; kiểm tra artifact và lý do dừng trong logs.,Phải có metrics đáng tin và mốc so sánh đúng. Việc dừng và việc lấy best weights là hai hành vi cần cấu hình/kiểm tra riêng.,Tăng epochs không xử lý overfit đang tăng. Không gọi AMT median rule là “patience=3”; không tự bật AUTO ngoài Hyperband nếu API yêu cầu OFF cho cơ chế nội bộ.,"Không dùng test set để quyết định dừng. Early stopping có thể dừng trial cải thiện muộn, nên cân nhắc tính chất learning curve và support algorithm.",2.2,Mở rộng từ bài học,"https://skillbuilder.aws/learn/2A2SRWD97S/aws-ml-engineer-associate--train-models/PN3Z4R1QTJ
https://keras.io/api/callbacks/early_stopping/
https://docs.aws.amazon.com/sagemaker/latest/dg/automatic-model-tuning-early-stopping.html
https://docs.aws.amazon.com/sagemaker/latest/dg/automatic-model-tuning-how-it-works.html",15/09/2026
D2-P24 • Hyperband phân bổ epochs thích nghi,"• INTERMEDIATE SCORES
• SUCCESSIVE ELIMINATION
• MORE BUDGET FOR PROMISING TRIALS","1. Chọn iterative model có metric
2. Chạy nhiều config với budget ban đầu
3. Loại trial yếu, tăng resource cho trial tốt
4. So kết quả còn lại và kiểm chứng",Neural network training tốn nhiều compute; muốn dùng progress sớm để tập trung tài nguyên.,Cấu hình metric ở các mức resource/epoch và xác nhận score sớm có ý nghĩa; đặt search space và Hyperband strategy.,Bắt đầu nhiều configurations với training budget ban đầu; thu intermediate metrics nhất quán.,"Hyperband dừng configurations yếu và dành thêm resources cho configurations hứa hẹn theo chiến lược, có thể chạy song song.",So kết quả các trial theo objective; kiểm chứng model được chọn và lưu artifact/config. Kiểm tra cấu hình API early stopping bên ngoài là OFF.,"Intermediate results cho phép ra quyết định trước khi mọi trial chạy trọn budget, tiết kiệm compute khi tín hiệu sớm hữu ích.","Không phải chọn trial ngẫu nhiên rồi cho tất cả cùng epochs đến cuối. “Loại nửa” trong bài là minh họa, không là hằng số của mọi implementation.",Chỉ phù hợp iterative algorithms phát progress ở nhiều mức tài nguyên. Không bảo đảm model học chậm lúc đầu sẽ được giữ lại hoặc luôn tìm optimum.,2.2,Mở rộng từ bài học,"https://skillbuilder.aws/learn/2A2SRWD97S/aws-ml-engineer-associate--train-models/PN3Z4R1QTJ
https://docs.aws.amazon.com/sagemaker/latest/dg/automatic-model-tuning-how-it-works.html",15/09/2026
D2-P25 • Chẩn đoán loss dao động và diverge,"• LEARNING RATE TOO HIGH
• VERIFY DATA/GRADIENTS
• CONTROLLED EXPERIMENT","1. Xem loss và cấu hình hiện tại
2. Kiểm tra dữ liệu/gradient cơ bản
3. Thử learning rate nhỏ hơn
4. So convergence và validation","Loss ban đầu giảm không ổn định rồi tăng vọt, như câu kiểm tra của module.","Ghi nhận loss train/validation theo step/epoch, learning rate, batch size, optimizer và thời điểm divergence.","Kiểm tra NaN/Inf, labels/input scale và gradient/loss calculation; tránh quy mọi lỗi về một thông số.","Với dấu hiệu overshoot của bài, giảm learning rate và chạy lại trên dữ liệu/cấu hình so sánh được; nếu còn lỗi thì điều tra nguyên nhân khác.",So độ ổn định và tiến triển validation trong budget; lưu cấu hình và chọn mức học đạt yêu cầu thay vì chỉ kéo dài epochs.,Bước update quá lớn có thể nhảy khỏi vùng loss thấp; giảm step size là thay đổi trực tiếp phù hợp dấu hiệu.,"Tăng learning rate có thể làm tệ hơn. Tăng epoch không sửa update bất ổn. Batch=1 tăng nhiễu, không mặc định chữa divergence.","Đây là quy trình chẩn đoán mở rộng từ câu học; không hứa learning rate là nguyên nhân duy nhất. Giữ test cho kiểm tra cuối.
Analyze/Evaluate mở rộng ở D2-P42: thêm gradient evidence, kiểm tra numeric/data và phân biệt optimization với capacity; không suy duy nhất nguyên nhân từ một đường loss.",2.2,Mở rộng từ bài học,"https://skillbuilder.aws/learn/2A2SRWD97S/aws-ml-engineer-associate--train-models/PN3Z4R1QTJ
https://skillbuilder.aws/learn/Q6PN4F1E2G/aws-ml-engineer-associate--analyze-and-evaluate-performance/CHBEW6A7NZ",15/09/2026
D2-P26 • Lưu training run để tái lập,"• CODE + DATA + IMAGE + CONFIG
• METRICS
• ARTIFACT URI","1. Chốt phiên bản inputs/environment
2. Ghi cấu hình và seed
3. Chạy và lưu logs/metrics
4. Liên kết artifact với run",Team cần so sánh hoặc chạy lại kết quả train/HPO trong managed workflow.,"Ghi code commit, data snapshot/split, container image/framework version và input preprocessing áp dụng.","Ghi algorithm/hyperparameters, instances/distribution, stopping criteria và seeds phù hợp; phân biệt seed search với seed training.","Chạy job, giữ job identifier, logs và metrics phục vụ so sánh; ghi thay đổi nếu retry làm cấu hình khác.","Lưu model artifact URI và mapping tới run/config; chạy lại với cùng điều kiện khi cần kiểm chứng, đo sai khác có thể chấp nhận.","Chỉ artifact weights không đủ giải thích mô hình được tạo thế nào; provenance của run nối dữ liệu, code và kết quả.","Cùng script nhưng data/image thay đổi chưa phải tái lập. Cùng HPO seed chỉ tái tạo cấu hình ở mức được hỗ trợ, không hứa identical trained weights.","Bổ sung dựa trên lợi ích portability/reproducibility của script mode; không yêu cầu triển khai registry hay CI/CD toàn bộ ở module này.
Task 2.3 dùng D2-P44 để so experiments bằng MLflow; nối configuration và metrics với data/code/environment/artifact references đã lưu.",2.2,Mở rộng từ bài học,"https://skillbuilder.aws/learn/2A2SRWD97S/aws-ml-engineer-associate--train-models/PN3Z4R1QTJ
https://docs.aws.amazon.com/sagemaker/latest/dg/automatic-model-tuning-considerations.html
https://skillbuilder.aws/learn/Q6PN4F1E2G/aws-ml-engineer-associate--analyze-and-evaluate-performance/CHBEW6A7NZ",15/09/2026
D2-P27 • Chẩn đoán và sửa overfitting,"• LOW TRAIN ERROR
• HIGHER VALIDATION ERROR
• REDUCE EXCESS CAPACITY",Compare curves → check split → regularize/simplify/augment → validate,Train metric rất tốt nhưng kết quả ngoài mẫu kém; cần sửa nguyên nhân có evidence.,"So train và validation curves trên cùng mục tiêu; xác định thời điểm val xấu đi. Kiểm tra split, leakage và lệch phân phối trước khi quy hết cho overfit.","Thử biện pháp phù hợp: L1/L2, dropout cho neural network, early stopping, augmentation hợp lệ, pruning hoặc giảm architecture complexity.",Tune mức can thiệp trên validation và theo dõi train/val cùng lúc; lưu checkpoint tốt nhất nếu dùng early stopping. Thay đổi có kiểm soát để biết biện pháp nào giúp.,Đánh giá model đã chọn trên test độc lập; ghi lại cấu hình và mức đánh đổi quality/size/cost.,"Phải xác nhận dấu hiệu và nguyên nhân trước khi thay model; chọn theo generalization, không chỉ theo train loss.",Train lâu hơn hoặc tăng capacity vô điều kiện có thể làm overfit nặng hơn. Tăng regularization quá mức có thể chuyển thành underfit.,Không cần dùng tất cả kỹ thuật cùng lúc. Augmentation chỉ cho train và phải bảo toàn ý nghĩa label; graph metrics không tự thực thi stopping.,2.2,Mở rộng từ bài học,https://skillbuilder.aws/learn/2QQTWU7W75/aws-ml-engineer-associate--customize-and-fine-tune-models/GCXKCRD7RD,15/09/2026
D2-P28 • Chẩn đoán và sửa underfitting,"• BOTH TRAIN AND VALIDATION POOR
• CAPACITY / LEARNING / DATA",Check convergence → improve information/capacity → retune → validate,Model yếu trên cả train và validation.,"Xem model đã hội tụ chưa, loss còn giảm không; kiểm tra label/features và optimization. Phân biệt quá ít training với thiếu khả năng biểu diễn.","Nếu chưa học đủ: train thêm epochs với learning rate thích hợp. Nếu bị hạn chế: tăng model flexibility, bổ sung features/feature interactions có ý nghĩa hoặc giảm regularization quá mạnh.",Bổ sung dữ liệu đại diện khi mẫu hiện tại thiếu patterns cần học; kiểm thử từng thay đổi trên cùng validation.,So với baseline rồi test độc lập; dừng tăng capacity khi generalization không còn tốt hơn.,Mỗi biện pháp xử lý nguyên nhân khác nhau; nhiều epochs không tạo quan hệ mà architecture/features không thể biểu diễn.,Không tăng L1/L2/dropout mạnh hơn chỉ vì accuracy thấp. Không cho rằng thêm dữ liệu tự chữa model quá đơn giản hoặc label sai.,Cartesian/feature crosses trong bài là ví dụ thêm tương tác; không nhân chéo vô hạn gây nổ features và overfit. Giữ nguồn dữ liệu/transform nền ở D1.,2.2,Mở rộng từ bài học,https://skillbuilder.aws/learn/2QQTWU7W75/aws-ml-engineer-associate--customize-and-fine-tune-models/GCXKCRD7RD,15/09/2026
D2-P29 • Fine-tune và kiểm soát catastrophic forgetting,"• LOW LR
• LoRA
• MIX GENERAL EXAMPLES
• RETENTION CHECK",Baseline both skill sets → conservative adaptation → monitor → compare retained skills,Fine-tune task riêng nhưng cần giữ general capabilities.,"Lưu baseline của base model trên domain eval và general-capability eval; chuẩn bị training pairs chất lượng, tách test và một phần general-purpose examples phù hợp.","Chọn learning rate thấp đã được thử nghiệm và LoRA/PEFT nếu model/tool hỗ trợ; giữ base weights frozen theo phương pháp, đặt epochs/budget/checkpoints.","Train trên dữ liệu trộn, theo dõi cả domain và retention metrics. Điều chỉnh learning rate/tỷ lệ dữ liệu/rank khi specialization gây suy giảm quá mạnh.","Chọn phiên bản đạt cả hai bộ tiêu chí; lưu base/version, adapter, tokenizer, data/config để tái lập.",Đánh giá trước/sau giúp thấy phần mất đi; low LR và data mixing hạn chế quên trong khi LoRA giảm tham số phải cập nhật.,"LR cao, full updates và domain-only data làm rủi ro cao hơn trong tình huống này. Generation temperature không thay thế kỹ thuật bảo vệ lúc training.",LoRA không bảo đảm không quên. 10% general examples trong walkthrough là ví dụ; tỷ lệ phù hợp phải đo. Không lấy chữ số LR bị transcript nhận dạng lỗi làm preset.,2.2,Mở rộng từ bài học,https://skillbuilder.aws/learn/2QQTWU7W75/aws-ml-engineer-associate--customize-and-fine-tune-models/GCXKCRD7RD,15/09/2026
D2-P30 • Boosting theo sơ đồ 6 bước của bài,• EQUAL WEIGHTS → FIRST LEARNER → ERRORS → REWEIGHT → NEXT LEARNER → STOP,1 Equal sample weights → 2 Train → 3 Predict/error → 4 Weight learner/samples → 5 Retrain → 6 Repeat until stop,Nhận diện thứ tự boosting dựa trên hình tương tác của module.,"(1) Khởi tạo training dataset với sample weights bằng nhau.
(2) Train learner đầu tiên trên dữ liệu đó.","(3) Dự đoán các training samples và đo error.
(4) Xác định mức đóng góp của learner, tăng trọng số những samples có nhiều lỗi theo thuật toán minh họa.","(5) Train learner tiếp theo trên tập đã reweight.
(6) Lặp đo lỗi/cập nhật/train đến tiêu chí dừng, như số learners tối đa hoặc mức lỗi theo thuật toán.",Kết hợp outputs của learners theo cơ chế weighting của boosting để tạo dự đoán cuối; xác nhận trên dữ liệu ngoài train.,Learner sau phụ thuộc kết quả lỗi của learner trước nên không thể hoán đổi thành các learners độc lập như bagging.,Bootstrap độc lập rồi average là bagging. Train meta-model trên predictions là stacking. Không reweight test data để tiếp tục train.,"Sơ đồ này gần kiểu AdaBoost; gradient boosting/XGBoost xử lý lỗi thông qua objective gradients, không bắt buộc cùng cách tăng sample weights. Bước tổng hợp bổ sung làm rõ output cuối.",2.2,Mở rộng từ bài học,"https://skillbuilder.aws/learn/2QQTWU7W75/aws-ml-engineer-associate--customize-and-fine-tune-models/GCXKCRD7RD
https://scikit-learn.org/stable/modules/ensemble.html",15/09/2026
D2-P31 • Bagging: bootstrap → train độc lập → aggregate,"• WITH REPLACEMENT
• PARALLEL LEARNERS
• VOTE / AVERAGE",Bootstrap training samples → train separate models → aggregate predictions,Giảm variance và sự nhạy với mẫu train của base learners.,Tách validation/test; từ train tạo nhiều bootstrap samples bằng sampling with replacement. Sample có thể chứa record lặp và chồng lên nhau.,Train một model trên mỗi bootstrap sample độc lập; có thể chạy song song nếu tài nguyên cho phép.,"Gộp predictions: classification dùng majority vote theo hình bài; regression dùng average. Khi dùng estimator cụ thể, kiểm tra nó gộp labels hay probabilities.",Đánh giá ensemble so với model đơn trên validation/test phù hợp; tune số models và mức complexity cần thiết.,Sự đa dạng đến từ resampling; phép gộp làm dự đoán ổn định hơn. Không cần error của learner trước để train learner sau.,Không gọi các partitions rời nhau là bootstrap. Không đặt bước meta-model training vào bagging cơ bản.,"Ví dụ [10,12,14] →12; [A,B,A] →A. Lợi ích phụ thuộc base models và tương quan lỗi; tăng số cây vẫn có cost.",2.2,Mở rộng từ bài học,"https://skillbuilder.aws/learn/2QQTWU7W75/aws-ml-engineer-associate--customize-and-fine-tune-models/GCXKCRD7RD
https://scikit-learn.org/stable/modules/generated/sklearn.ensemble.BaggingClassifier.html",15/09/2026
D2-P32 • Stacking: level-0 → predictions ngoài mẫu → level-1,"• DIVERSE BASE MODELS
• HELD-OUT / OOF
• META-LEARNER
• FINAL TEST",1 Select base models → 2 Train → 3 Held-out predictions → 4 Train meta-model → 5 Test ensemble,Ghép nhiều thuật toán có ưu điểm khác nhau thành một predictor.,"(1) Chọn diverse level-0 models.
(2) Fit từng model trên training subset; preprocessing cũng fit chỉ trong phần train tương ứng.",(3) Predict validation/holdout không dùng để fit những base models này. Ghép prediction columns với labels thật thành training set cho meta-model; có thể thay holdout bằng out-of-fold.,(4) Train level-1/meta-model học cách kết hợp predictions; chọn độ phức tạp vừa phải để không overfit meta-features.,"(5) Test toàn ensemble trên test chưa sử dụng. Khi inference, input → các base models → prediction features → meta-model → final output.",Meta-model cần học trên predictions giống điều kiện ngoài mẫu; dùng in-sample predictions sẽ làm đánh giá quá lạc quan.,Không test xong mới dùng test labels train meta-model. Fixed majority vote không phải stacking; không hoán đổi bước tạo meta-features và fit meta-model.,"Bài dùng holdout; out-of-fold là biến thể bổ sung. Nếu refit base models trên train đầy đủ, kiểm định ensemble cuối và tránh trộn schema/classes.",2.2,Mở rộng từ bài học,"https://skillbuilder.aws/learn/2QQTWU7W75/aws-ml-engineer-associate--customize-and-fine-tune-models/GCXKCRD7RD
https://scikit-learn.org/stable/modules/generated/sklearn.ensemble.StackingClassifier.html",15/09/2026
D2-P33 • Triển khai LoRA fine-tuning có thể tái lập,"• BASE MODEL + ADAPTER
• FROZEN WEIGHTS
• SAVE CONFIGURATION",Select supported base → prepare examples/config → train adapters → evaluate/save,Cần hành vi/format riêng và muốn giảm trainable parameters.,Chọn model/license/runtime hỗ trợ LoRA; định nghĩa mục tiêu và eval baseline. Chuẩn bị examples đại diện cùng phần general data nếu cần giữ năng lực.,"Cấu hình rank/target modules/LR/epochs theo implementation; gắn trainable adapters, kiểm tra base weights nào frozen và phần nào được phép học.","Train, theo dõi domain/retention metrics; tune vừa đủ thay vì mặc định full fine-tuning. Giữ checkpoint/model selection độc lập test.","Lưu adapter cùng định danh base, tokenizer/config và dữ liệu/version; load lại đúng cặp để đánh giá/inference. Merge chỉ khi implementation hỗ trợ và đã kiểm tra.",Adapter là phần học bổ sung nên cần base tương thích; các thiết lập target modules và version ảnh hưởng trực tiếp behavior.,Adapter file nhỏ không phải student model nhỏ như distillation. Không kết luận inference rẻ hơn chỉ từ số trainable parameters.,Workflow bổ sung cách áp dụng khái niệm trong bài; không phải mọi managed Bedrock job cho cấu hình LoRA trực tiếp.,2.2,Mở rộng từ bài học,"https://skillbuilder.aws/learn/2QQTWU7W75/aws-ml-engineer-associate--customize-and-fine-tune-models/GCXKCRD7RD
https://huggingface.co/docs/peft/main/en/conceptual_guides/lora",15/09/2026
D2-P34 • Distillation: teacher → dữ liệu → student → benchmark,"• LARGE TEACHER
• REPRESENTATIVE PROMPTS
• SMALL STUDENT
• QUALITY / LATENCY / COST",Choose teacher/student → generate targets → train student → evaluate tradeoff,Large model đạt quality nhưng quá chậm/đắt để phục vụ volume mục tiêu.,Chọn teacher đã chứng minh chất lượng và student nhỏ phù hợp; với Bedrock kiểm tra cặp model/Region hiện hành. Chốt benchmark và quality bar.,"Chuẩn bị prompts đại diện; lấy teacher responses hoặc nguồn invocation data phù hợp. Kiểm soát chất lượng/đa dạng, tách eval và test.","Train/fine-tune student trên targets từ teacher bằng workflow hỗ trợ. Tính chi phí tạo dữ liệu và training, không chỉ chi phí mỗi request.","So student với teacher trên quality, latency, throughput và cost trong workload thực; chọn serving mode khi đạt yêu cầu.",Student cần tín hiệu từ teacher trước khi train; đánh giá task-specific xác nhận mức chất lượng thực sự giữ được.,Prompting không tự giảm model size; RAG bổ sung context không tạo student. CPT học corpus domain không phải mục tiêu teacher→student.,"Không phải chuỗi bắt buộc sau prompt→RAG→tune→CPT. Distillation giải bài toán quality/cost, có thể kết hợp với những kỹ thuật khác.",2.2,Mở rộng từ bài học,"https://skillbuilder.aws/learn/2QQTWU7W75/aws-ml-engineer-associate--customize-and-fine-tune-models/GCXKCRD7RD
https://docs.aws.amazon.com/bedrock/latest/userguide/model-distillation.html
https://docs.aws.amazon.com/bedrock/latest/userguide/prequisites-model-distillation.html",15/09/2026
D2-P35 • Chọn đúng yếu tố cần tối ưu trong RAG,• CHUNK / EMBEDDING / k / THRESHOLD / RERANK / HYBRID,Inspect missing evidence → select lever → change one variable → measure answers,Tài liệu có nhưng retrieved context chưa giúp generator trả lời đúng.,"Dùng queries có evidence mong đợi, xem passage nào bị cắt rời, semantic match sai, thiếu candidates, rank thấp hoặc exact code bị bỏ sót.",Ghép nguyên nhân: split/dilution→chunking; concept mismatch→embedding; thiếu evidence→thử tăng k/hạ similarity threshold; noise→thử ngược lại; correct candidate rank thấp→reranking; exact terms→hybrid.,"Thay một yếu tố và chạy lại cùng benchmark. Nếu đổi chunking/embedding space, cập nhật index trước khi so; k/rerank thường chỉnh query-time.","Đo retrieval precision/recall phù hợp, chất lượng câu trả lời, citations, latency/token cost; giữ thay đổi có lợi.",Generator chỉ có thể sử dụng evidence thực sự được đưa vào context; sửa đúng điểm lỗi giúp tránh tuning sai tầng.,Temperature cao không sửa retriever; reranker không tạo candidate bị thiếu; tăng k vô hạn có thể làm noise/cost tăng.,"Threshold là khái niệm chung, tên/khả năng API tùy hệ thống. RAG vẫn có thể trả lời sai dù retrieval tốt; cần đo end-to-end.
Task 2.3: xem D2-P49/P50 để chẩn đoán từng stage bằng Recall@k/Precision@k/MRR và faithfulness/relevance, rồi kiểm tra content gap bằng human evaluation.",2.2,Mở rộng từ bài học,"https://skillbuilder.aws/learn/2QQTWU7W75/aws-ml-engineer-associate--customize-and-fine-tune-models/GCXKCRD7RD
https://docs.aws.amazon.com/bedrock/latest/userguide/kb-test-config.html
https://skillbuilder.aws/learn/Q6PN4F1E2G/aws-ml-engineer-associate--analyze-and-evaluate-performance/CHBEW6A7NZ",15/09/2026
D2-P36 • Đổi chunking hoặc embedding và xây lại index,"• RE-CHUNK / RE-EMBED
• COMPATIBLE QUERY SPACE
• VERSIONED INDEX",Save baseline → rebuild affected representation → query with matching model → compare,Muốn đổi representation để khắc phục retrieval mismatch.,"Lưu cấu hình cũ và benchmark; xác định đổi chunk boundaries hay embedding model/space, cùng metadata/source links cần giữ.","Chunking đổi: tạo chunks mới rồi embed/index lại.
Embedding đổi: re-embed documents bằng model/config mới và index tương thích dimension/distance requirements.","Query được embed theo encoder/config tương thích index mới; kiểm tra passages/citations, filters, retrieval counts và reranking nếu có.",So với baseline trên cùng queries trước chọn index mới; ghi lại model/version/chunk config để tái lập.,Embeddings là representation của chunks cũ; không thể chỉ đổi query encoder tùy ý rồi dùng chung index khác không gian.,Cùng dimension không đồng nghĩa cùng semantic space. Chỉ thay prompt hoặc temperature không cập nhật vectors đã lưu.,Bổ sung workflow kỹ thuật cho tối ưu RAG trong bài; thao tác recreate/update data source phụ thuộc loại Knowledge Base và ràng buộc cấu hình hiện hành.,2.2,Mở rộng từ bài học,"https://skillbuilder.aws/learn/2QQTWU7W75/aws-ml-engineer-associate--customize-and-fine-tune-models/GCXKCRD7RD
https://docs.aws.amazon.com/bedrock/latest/userguide/kb-chunking.html",15/09/2026
D2-P37 • Walkthrough: demand forecasting với DeepAR,"• RELATED TIME SERIES
• SCALE WHEN NEEDED
• BAYESIAN AMT
• 50 / 5 EXAMPLE",Define series/horizon → train DeepAR → Bayesian tuning → time-based evaluation,Retailer dự báo sales hàng tuần cho nhiều sản phẩm/cửa hàng bằng dữ liệu lịch sử và yếu tố bổ trợ.,"Xác định mỗi series là sản phẩm hay cặp sản phẩm–cửa hàng, horizon và covariates hợp lệ; chia dữ liệu theo thời gian, chuẩn bị input DeepAR.","Chọn DeepAR và benchmark compute phù hợp; walkthrough dùng distributed GPU, nhưng thực tế scale từ cấu hình đáp ứng rồi mở rộng theo memory/throughput.","AMT Bayesian thử hyperparameters; bài minh họa max 50 jobs, tối đa 5 đồng thời. Cân bằng wall-clock với khả năng học từ completed trials.",So forecasting quality trên giai đoạn tương lai giữ riêng; chọn model đạt yêu cầu và lưu config/data/artifacts.,Tính đúng số series/dữ liệu và nhu cầu tài nguyên trước scale; tuning tối ưu một cấu hình sau khi task/input đã rõ.,50 jobs không phải 50 GPUs; 5 parallel trials khác một training job distributed. Không mặc định mọi large dataset bắt buộc multi-GPU.,~312 triệu điểm chỉ khi tính 10.000×200×156; các numbers là minh họa. AWS hỗ trợ DeepAR train CPU/GPU và một/nhiều máy; inference CPU.,2.2,Mở rộng từ bài học,"https://skillbuilder.aws/learn/2QQTWU7W75/aws-ml-engineer-associate--customize-and-fine-tune-models/GCXKCRD7RD
https://docs.aws.amazon.com/sagemaker/latest/dg/deepar.html",15/09/2026
D2-P38 • Walkthrough: tìm cách viết đúng brand voice,"• PROMPT 70%
• FEW-SHOT 85%
• RAG 90%
• TUNING ≥95%
• EXAMPLE ONLY",Measure prompting → few-shot → RAG examples → LoRA if justified → check retention,"Retailer cần descriptions playful, concise và nêu lifestyle benefits nhất quán.","Thử prompt engineering và đo style adherence; trong bài đạt 70%. Thêm few-shot examples →85%, nhưng prompt dùng nhiều tokens hơn.","Thử RAG style examples →90% trong bài, đổi lại retrieval latency/complexity. Đối chiếu quality bar trước quyết định train.",Thử fine-tuning từ 2.000 product-description pairs; walkthrough báo ≥95% và chọn LoRA. Dùng LR thấp cùng general-purpose examples để hạn chế forgetting.,"Đánh giá held-out style, factual correctness, general capabilities, latency và tổng cost; chỉ giữ phương án đáp ứng nghiệp vụ.",Evidence qua từng mức cho thấy vì sao fine-tuning được chọn trong tình huống này; không chọn chỉ vì nặng hơn.,Không biến 70/85/90/95% hay 2.000 pairs thành bảo đảm/minimum của AWS. Không cho rằng RAG luôn bắt buộc trước fine-tune hoặc mọi use case cần thử hết spectrum.,"Video nhận xét giảm retrieval latency trong phương án không dùng retrieval; không suy fine-tuning luôn giảm giá mỗi token. 10% general data là ví dụ, không tỷ lệ chuẩn.",2.2,Mở rộng từ bài học,https://skillbuilder.aws/learn/2QQTWU7W75/aws-ml-engineer-associate--customize-and-fine-tune-models/GCXKCRD7RD,15/09/2026
D2-P39 — Establish a performance baseline,"• BASELINE FIRST
• REPRESENTATIVE DATA
• LOCK COMPARISON",Business objective → hợp lệ hóa split → đo simple baseline → lưu reference + acceptance criteria,Cần biết candidate có cải thiện thực sự và có thể so lại kết quả giữa các runs.,"Chốt positive class/target, chi phí FP/FN hoặc error regression; chọn metric chính và guardrails theo mục tiêu.",Chuẩn bị train/validation/test đại diện; fit preprocessing chỉ từ train. Chọn time/group-aware split khi cần; tỷ lệ80/10/10 chỉ là ví dụ.,"Train baseline đơn giản; đo trên validation để chọn cách làm. Sau khi chốt, đánh giá độc lập trên test; lưu confusion matrix hoặc regression errors.",Lưu version dataset/split/code/config và metrics trong tracking; đặt tiêu chí so candidate và lưu baseline production phù hợp nếu triển khai.,Không có split/metric đúng thì cải thiện score có thể chỉ là leakage hoặc đo sai mục tiêu. Reference cần có điều kiện đo để sử dụng lại.,Không chọn model theo train accuracy; không tune liên tục trên test; không dùng một public benchmark khác workload làm bằng chứng duy nhất.,Output: baseline run + metrics + evaluation protocol. Baseline quality và baseline input statistics có thể khác nhau; nội dung setup data chi tiết nối sang D1.,2.3,Mở rộng từ bài học,https://skillbuilder.aws/learn/Q6PN4F1E2G/aws-ml-engineer-associate--analyze-and-evaluate-performance/CHBEW6A7NZ,15/09/2026
D2-P40 — Compute and choose classification metrics,"• CONFUSION MATRIX
• COST OF FP/FN
• THRESHOLD",Chọn positive → đọc TP/TN/FP/FN → tính metrics → chọn operating point,Câu hỏi đưa ma trận hoặc mục tiêu bắt fraud/giảm false alarms và yêu cầu chọn metric.,Xác định actual/predicted axes và lớp positive; đếm đúng bốn ô trước khi tính.,"Tính accuracy, precision, recall và F1; bổ sung specificity/FPR nếu cần. Kiểm tra mẫu số0 và cách averaging khi multiclass.",Đọc metric theo chi phí: FN đắt→ưu tiên recall; FP đắt→precision; cần cân bằng→F1 với các constraints nghiệp vụ.,"So ROC/PR curves trên scores, chọn threshold trên validation rồi đánh giá kết quả cuối trên dữ liệu độc lập.",Metric xuất phát từ loại lỗi cần giảm; threshold biến ranking thành quyết định cụ thể nên phải đánh giá ở đúng điểm vận hành.,Accuracy cao trong lệch lớp không thay recall. FPR không bằng1−precision. AUC cao không có nghĩa threshold=.5 tối ưu.,"Ví dụ bài TP30,TN23,FP5,FN3: accuracy86,89%;precision85,71%;recall90,91%;F1=88,24%.",2.3,Mở rộng từ bài học,https://skillbuilder.aws/learn/Q6PN4F1E2G/aws-ml-engineer-associate--analyze-and-evaluate-performance/CHBEW6A7NZ,15/09/2026
D2-P41 — Evaluate regression candidates,"• MSE / RMSE
• R²
• SAME TARGET SCALE",Cùng tập + đơn vị → tính error → so baseline/R² → chọn model theo validation,"Cần so model dự đoán giá/nhu cầu, đặc biệt khi số features khác nhau.","Giữ cùng target, đơn vị, split và preprocessing; kiểm tra outliers/labels sai có thể làm sai lệch error.","Tính MSE và RMSE; đọc RMSE theo đơn vị target, xem phân bố residual và các lỗi lớn.",Tính R² so với baseline mean khi hợp lệ; dùng adjusted R² nếu cần xét số predictor trong mô hình hồi quy phù hợp.,"Chọn candidate bằng validation và chi phí lỗi nghiệp vụ; chốt rồi báo test performance, không chỉ in-sample fit.","Sai số tuyệt đối theo đơn vị cho biết tác động, còn R² cho góc nhìn tương đối; các phép đo bổ sung nhau.","Không coi R² luôn[0,1], RMSE là sample standard deviation trong mọi trường hợp, hay thêm feature luôn cải thiện test performance.","Output: báo cáo error + baseline + điều kiện đo. AdjR² cần n,p và các giả định phù hợp; không thay thế holdout.",2.3,Mở rộng từ bài học,"https://skillbuilder.aws/learn/Q6PN4F1E2G/aws-ml-engineer-associate--analyze-and-evaluate-performance/CHBEW6A7NZ
https://scikit-learn.org/stable/modules/generated/sklearn.metrics.r2_score.html",15/09/2026
D2-P42 — Diagnose non-convergence before changing training,"• LOSS CURVES
• GRADIENTS
• DATA / OPTIMIZER / CAPACITY",Quan sát train+validation → kiểm tra gradient/data → chọn đúng biện pháp → chạy lại có tracking,"Training chậm, loss phẳng, dao động hoặc performance kém; chưa rõ nguyên nhân.","Đọc loss theo step/epoch, validation và trạng thái số học; phân biệt wall-clock chậm với số bước tối ưu không tiến triển.","Kiểm tra gradient quá nhỏ/quá lớn, learning rate/batch/init, dữ liệu nhiễu/leakage/imbalance và code. Tensors/rules hỗ trợ xác minh giả thuyết.",Gradient bất ổn→xử lý optimizer/numeric; train tốt val xấu→điều tra overfit/split; cả hai kém dù hội tụ→xem capacity/features/regularization.,"Đổi có chủ đích, ghi configuration, rerun và so validation; dùng AMT khi có objective/search space hợp lệ. Giữ test cho đánh giá cuối.",Triệu chứng không xác định duy nhất nguyên nhân; sửa đúng cơ chế mới có ích. Training hội tụ chưa chắc đạt mục tiêu.,"Không mặc định train thêm epochs cho mọi lỗi, tăng GPU để chữa vanishing gradients, hoặc coi plateau chứng minh local minimum.",Xem thêm D2-P25 về learning curves và các mục overfit/underfit đã có. Debugger có giới hạn availability hiện hành ghi tại tab dịch vụ.,2.3,Mở rộng từ bài học,https://skillbuilder.aws/learn/Q6PN4F1E2G/aws-ml-engineer-associate--analyze-and-evaluate-performance/CHBEW6A7NZ,15/09/2026
D2-P43 — Explain model predictions with SHAP,"• BASELINE
• LOCAL CONTRIBUTIONS
• GLOBAL PATTERNS",Chọn dữ liệu/baseline → tính local SHAP → tổng hợp global → kiểm tra domain + groups,Cần hiểu một prediction cụ thể và model đang dựa vào feature nào toàn cục.,"Chọn model/output cần giải thích, tập dữ liệu đại diện và baseline; ghi thang output để đọc dấu và độ lớn.",Dùng SHAP/Clarify phân bổ contribution từng feature; đối chiếu baseline+ΣSHAP với explained output cho local case.,Tổng hợp nhiều mẫu theo mean absolute hoặc phương pháp đã chọn; xem top features và phân tích các trường hợp khác nhau.,"Đối chiếu domain knowledge, kiểm tra leakage/proxy và metrics theo nhóm; sửa dữ liệu/model nếu evidence yêu cầu rồi đánh giá lại.",Local giải thích từng mẫu; global tránh kết luận từ một ví dụ. Fairness cần thêm bằng chứng ngoài feature ranking.,Không dùng signed mean để xóa tác động trái dấu; không kết luận causality từ SHAP; zip code≈0 không chứng minh không có proxy.,"Output: local/global explanations + scope/caveats. Trong fraud, feature hợp lý vẫn cần kiểm tra dữ liệu và nhóm lỗi.",2.3,Mở rộng từ bài học,"https://skillbuilder.aws/learn/Q6PN4F1E2G/aws-ml-engineer-associate--analyze-and-evaluate-performance/CHBEW6A7NZ
https://docs.aws.amazon.com/sagemaker/latest/dg/clarify-processing-job-configure-analysis.html",15/09/2026
D2-P44 — Compare reproducible ML experiments,"• MLFLOW RUNS
• SHARED DATA
• PARAMS + METRICS + ARTIFACTS",Thiết kế thí nghiệm → log từng run → so evidence → lưu candidate và điều kiện tái lập,Nhiều thuật toán/hyperparameters cần so sánh và giải thích vì sao chọn model.,"Chốt dataset/split, metric/objective và acceptance criteria; version code/data/environment và seed cần thiết.","Mỗi run log algorithm, hyperparameters, duration, train/validation metrics và model artifact/reference trong MLflow.","So candidate trên cùng protocol; drill down confusion matrix, subgroup errors và convergence thay vì chỉ nhìn một score.","Lưu candidate đã chọn cùng run ID/artifact và lý do; tái chạy khi cần kiểm tra, đánh giá test sau khi chốt.","Nếu điều kiện chạy khác mà không lưu, score khác không thể quy chính xác cho model/config. Tracking giúp nối kết quả với nguyên nhân có thể kiểm tra.",Không coi latest run tự là best model; không cho rằng log metrics tự lưu toàn bộ data snapshot hoặc dependencies.,Output: bảng so runs + artifact + reproducibility evidence. Xem D2-P26 cho quy trình training tái lập nền tảng.,2.3,Mở rộng từ bài học,"https://skillbuilder.aws/learn/Q6PN4F1E2G/aws-ml-engineer-associate--analyze-and-evaluate-performance/CHBEW6A7NZ
https://docs.aws.amazon.com/sagemaker/latest/dg/mlflow.html",15/09/2026
D2-P45 — Choose A/B or shadow evaluation,"• USER RESPONSE EFFECT
• MIRROR VS SPLIT
• LIVE METRICS",Xác định cần đo gì → chọn A/B/shadow → thu metric + outcome → quyết định candidate,"Candidate đã có offline evidence, cần đánh giá thêm trên traffic production.",Nếu cần tác động hành vi do response candidate→A/B production variants; nếu cần xử lý requests thật nhưng không phục vụ output candidate→shadow.,"Cấu hình variants/routing phù hợp, tỷ lệ và thời gian quan sát; giữ metric, workload và conditions đủ rõ để so.",Theo dõi latency/errors/invocations theo variant; thu outputs và ground truth hoặc business outcomes tương ứng mục tiêu.,"Kiểm tra quality và operational constraints, sample đại diện rồi mới quyết định promote/sửa; lưu evidence quyết định.",A/B và shadow khác đường response tới user nên trả lời được các câu hỏi khác nhau; metric vận hành riêng không đủ chứng minh prediction quality.,"Shadow không chứng minh conversion tăng do candidate. Model Registry chỉ đăng ký phiên bản, không phải cơ chế phục vụ A/B. Không promote chỉ do latency thấp.",Output: so sánh candidate theo tiêu chí. D2 nhấn mạnh evaluation; triển khai rollout chi tiết thuộc D3.,2.3,Mở rộng từ bài học,"https://skillbuilder.aws/learn/Q6PN4F1E2G/aws-ml-engineer-associate--analyze-and-evaluate-performance/CHBEW6A7NZ
https://docs.aws.amazon.com/sagemaker/latest/dg/model-ab-testing.html
https://docs.aws.amazon.com/sagemaker/latest/dg/shadow-tests.html",15/09/2026
D2-P46 — Fraud evaluation walkthrough,"• 0.5% FRAUD
• RECALL / PR
• CONVERGENCE + SHAP",Track 3 models → kiểm tra imbalance → so metrics + learning → giải thích candidate,"Tình huống bài so logistic regression, random forest và gradient boosting cho fraud.","Ghi algorithms, hyperparameters, training duration và metrics của từng run trong MLflow trên cùng protocol.","Nhận diện99,5% hợp lệ/0,5% fraud: baseline luôn hợp lệ đạt99,5% accuracy nhưng bỏ sót toàn bộ fraud; ưu tiên recall và kiểm tra precision/F1.","Trong ví dụ GBT:precision.85,recall.79,F1≈.82,ROC-AUC.96,PR-AUC.88. Logistic recall thấp dù hội tụ→kiểm tra hạn chế feature/capacity cùng threshold.","Dùng SHAP xem relative amount, recency, merchant risk và geographic distance; xác minh nhóm lỗi/độ phù hợp rồi chọn theo tiêu chí và dữ liệu độc lập.","Kết hợp metrics, optimization và explanation để tránh chọn model chỉ theo accuracy hoặc thuật toán được cho là mạnh.",Không kết luận GBT luôn thắng; logistic có thể cải thiện bằng features/threshold. Zip code SHAP gần0 không chứng minh không bias. AP không mặc định bằng PR-AUC hình thang.,"Các số là kết quả minh họa course, không ngưỡng thi cố định. Pipeline tái cấu trúc để ôn kiến thức, không thao tác vào quiz.",2.3,Mở rộng từ bài học,https://skillbuilder.aws/learn/Q6PN4F1E2G/aws-ml-engineer-associate--analyze-and-evaluate-performance/CHBEW6A7NZ,15/09/2026
D2-P47 — Build a human evaluation framework,"• RUBRIC
• REPRESENTATIVE SAMPLE
• MULTIPLE RATERS",Định rubric → lấy mẫu + hiệu chuẩn → chấm độc lập → phân tích bất đồng và lỗi,Cần đánh giá helpfulness/tone/domain quality mà metric overlap không phản ánh đủ.,"Định dimensions, rating scale, ví dụ chuẩn và acceptance criteria theo use case; version rubric.","Chọn sample đại diện cả case phổ biến/khó/nhóm quan trọng; dùng reviewers có năng lực phù hợp, cho chấm overlap để hiệu chuẩn.","Chấm theo rubric; ghi từng rating, notes và bất đồng. Đo agreement phù hợp và giải quyết khác biệt có hệ thống.","Tổng hợp theo model/topic/group, phân tích nguyên nhân rồi điều chỉnh system/content; giữ human check định kỳ phù hợp.",Rubric và hiệu chuẩn giảm cách hiểu khác nhau; phân tích từng nhóm tìm lỗi mà average che mất.,"Không lấy sở thích một reviewer làm toàn bộ kết luận; nhiều reviewers đồng ý vẫn có thể cùng sai. “Low confidence” cần tín hiệu đã kiểm định, không tự lấy lời LLM nói nó chắc chắn.","Output: human scores, agreement, failure categories và quyết định có điều kiện; cân bằng chi phí/thời gian với độ sâu.",2.3,Mở rộng từ bài học,https://skillbuilder.aws/learn/Q6PN4F1E2G/aws-ml-engineer-associate--analyze-and-evaluate-performance/CHBEW6A7NZ,15/09/2026
D2-P48 — Run LLM-as-a-judge evaluation,"• DATASET → RUBRIC → EVALUATOR → COMPARE
• HUMAN CALIBRATION",Chuẩn bị prompts/outputs → chọn dimensions → chạy judge → kiểm tra kết quả với humans,"Cần chấm nhiều responses về helpfulness, coherence, faithfulness và harmfulness.","Lưu questions, responses và reference/context cần thiết; chọn dataset đại diện, ghi model/prompt/retrieval versions.",Định rubric và chiều score; chọn evaluator model/job phù hợp trong Bedrock Evaluations. Faithfulness cần context để kiểm chứng claims.,Áp dụng evaluator template cho từng sample và thu scores; so candidate theo cùng rubric/evaluator/data; giữ raw outputs để điều tra.,"Kiểm tra sample bằng human review, xem judge bias và lỗi theo topic; cải thiện đúng phần rồi chạy lại cùng benchmark.",Judge mở rộng đánh giá ngữ nghĩa nhưng cần tiêu chí và ground evidence; human calibration kiểm tra độ đáng tin.,Không coi một prompt đơn chứa vô hạn nghìn mẫu; là template áp dụng trên dataset. Không mặc định mọi metric đều higher-is-better hoặc mọi job đều0–1.,Output: dimension scores và failure evidence. Harmfulness lower; helpfulness/coherence/faithfulness higher theo quy ước bài.,2.3,Mở rộng từ bài học,https://skillbuilder.aws/learn/Q6PN4F1E2G/aws-ml-engineer-associate--analyze-and-evaluate-performance/CHBEW6A7NZ,15/09/2026
D2-P49 — Diagnose RAG retrieval versus generation,"• RETRIEVAL FIRST
• FAITHFULNESS NEXT
• CONTENT CHECK",Đo retrieval → đo generation → phân loại failure → sửa đúng component + retest,"RAG trả lời sai nhưng chưa rõ nên sửa chunks, prompt hay tài liệu.","Dùng queries và relevant passage labels để tính Recall@k,Precision@k,MRR; kiểm tra evidence đúng có được lấy lên và xếp hạng hợp lý không.",Đo faithfulness và answer relevance của response với question/context; dùng human check cho case khó.,Retrieval yếu→xem chunking/embedding/query expansion/k/rerank; retrieval tốt mà unsupported claims→siết grounding prompt và hành vi khi thiếu evidence.,"Nếu lỗi tập trung topic, kiểm tra nội dung có đủ và đã sync/index chưa; bổ sung nguồn thiếu, chạy lại retrieval+generation và đánh giá end-to-end.",Retriever quyết định evidence đầu vào; generator quyết định cách dùng evidence. Content gap cần sửa nguồn; hai stage có thể cùng lỗi.,Không tăng k để chữa mọi hallucination; không fine-tune ngay khi tài liệu chưa có. Faithful response vẫn có thể lạc đề; abstention phù hợp khi thiếu evidence.,Output: failure label + intervention + before/after metrics. Xem D2-P35 về RAG optimization từ module trước.,2.3,Mở rộng từ bài học,https://skillbuilder.aws/learn/Q6PN4F1E2G/aws-ml-engineer-associate--analyze-and-evaluate-performance/CHBEW6A7NZ,15/09/2026
D2-P50 — Evaluate a RAG support assistant end to end,"• NLP + JUDGE + RETRIEVAL + HUMAN
• SAME BENCHMARK",Reference metrics → judge dimensions → retrieval diagnosis → human readiness + content fixes,"Walkthrough RAG support; cần đánh giá cả response, evidence và ích lợi thực tế.","Dùng200questions và human references trong ví dụ; đo ROUGE-L.72 và BERTScore.85 làm tín hiệu overlap/meaning, không thay factuality/safety.","Judge:helpfulness.84,coherence.90,faithfulness.76,harmfulness.02. Điều tra unsupported claims; cập nhật grounding prompt, faithfulness thành.88 trên so sánh của bài.","Đánh giá retrieval riêng:Recall@5=.82,MRR=.71. Query terminology mismatch→query expansion; multi-document answers→thử tăng chunks5→8 và đo lại noise/cost.","Human pilot1week:78%helpful,15%partial,7%not; target80% chưa đạt. Lỗi billing/account do tài liệu mỏng→bổ sung nội dung, sync và đánh giá lại.",Bốn lớp đánh giá bắt các lỗi khác nhau; sự cố content không được chữa bằng prompt tuning đơn thuần.,Không suy1/MRR thành average rank; không coi các số này là threshold AWS chuẩn. Recall@5=.82 chỉ bằng82%query hit khi định nghĩa/labels phù hợp.,"Output: report nhiều chiều + content/retrieval/generation actions. Đây là số minh họa từ bài, không kết quả của một hệ thống đang vận hành của người dùng.",2.3,Mở rộng từ bài học,https://skillbuilder.aws/learn/Q6PN4F1E2G/aws-ml-engineer-associate--analyze-and-evaluate-performance/CHBEW6A7NZ,15/09/2026
D2-P51 — Re-evaluate after a prompt or RAG change,"• VERSION EVERYTHING
• COMPARE SAME CASES
• CHECK REGRESSIONS",Lưu baseline config → thay yếu tố mục tiêu → đo cùng protocol → phân tích cải thiện và regression,Prompt mới giúp groundedness nhưng cần biết có làm kém helpfulness hoặc retrieval/cost không.,"Lưu dataset/reference, prompt/model versions, retrieval/index snapshot, inference settings và evaluator/rubric; giữ baseline outputs.",Thay một yếu tố có chủ đích hoặc ghi rõ bundle thay đổi; version config bằng Prompt management/tracking phù hợp.,Chạy cùng evaluation set:so NLP/judge/retrieval scores và latency/cost đã đo; xem từng topic và cases chuyển từ đúng sang sai.,"Human-review các thay đổi quan trọng, kiểm tra acceptance criteria; sau khi chốt đánh giá trên holdout độc lập và lưu quyết định.",Không có điều kiện cố định thì score tăng có thể do dữ liệu/evaluator đổi. Theo dõi nhiều chiều tránh tối ưu một metric làm hỏng nhiệm vụ.,Không chỉ nhìn average faithfulness tăng; không coi prompt version tự ghi đủ outputs. Một lần sinh ngẫu nhiên không luôn đại diện ổn định.,"Output: versioned comparison report, failure cases và chọn cấu hình có bằng chứng; phạm vi repeatable evaluation, không tự deploy.",2.3,Mở rộng từ bài học,"https://skillbuilder.aws/learn/Q6PN4F1E2G/aws-ml-engineer-associate--analyze-and-evaluate-performance/CHBEW6A7NZ
https://docs.aws.amazon.com/bedrock/latest/userguide/prompt-management.html",15/09/2026